{"cameraMode":{"drawMode":0,"name":"Shaded","section":"Shading Mode"},"sceneLighting":true,"audioPlay":false,"sceneViewState":{"m_AlwaysRefresh":false,"showFog":true,"showSkybox":true,"showFlares":true,"showImageEffects":true,"showParticleSystems":true,"showVisualEffectGraphs":true,"m_FxEnabled":true},"in2DMode":false,"pivot":{"x":1.0500425100326539,"y":1.1293516159057618,"z":-5.226369380950928},"rotation":{"x":0.02065351791679859,"y":-0.4885595440864563,"z":-0.011599483899772168,"w":-0.8722257018089294},"size":0.6073950529098511,"orthographic":false}