{"cameraMode":{"drawMode":0,"name":"Shaded","section":"Shading Mode"},"sceneLighting":true,"audioPlay":false,"sceneViewState":{"m_AlwaysRefresh":false,"showFog":true,"showSkybox":true,"showFlares":true,"showImageEffects":true,"showParticleSystems":true,"showVisualEffectGraphs":true,"m_FxEnabled":true},"in2DMode":false,"pivot":{"x":-1.3043432235717774,"y":5.227677345275879,"z":11.861308097839356},"rotation":{"x":0.41367876529693606,"y":0.40257707238197329,"z":-0.2111242562532425,"w":0.7888171076774597},"size":0.721602201461792,"orthographic":false}