{"cameraMode":{"drawMode":0,"name":"Shaded","section":"Shading Mode"},"sceneLighting":true,"audioPlay":false,"sceneViewState":{"m_AlwaysRefresh":false,"showFog":true,"showSkybox":true,"showFlares":true,"showImageEffects":true,"showParticleSystems":true,"showVisualEffectGraphs":true,"m_FxEnabled":true},"in2DMode":false,"pivot":{"x":3.139714241027832,"y":5.1760663986206059,"z":11.753969192504883},"rotation":{"x":0.3487706482410431,"y":0.10233601927757263,"z":-0.038343239575624469,"w":0.9308208227157593},"size":2.006920099258423,"orthographic":false}