{"cameraMode":{"drawMode":0,"name":"Shaded","section":"Shading Mode"},"sceneLighting":true,"audioPlay":false,"sceneViewState":{"m_AlwaysRefresh":false,"showFog":true,"showSkybox":true,"showFlares":true,"showImageEffects":true,"showParticleSystems":true,"showVisualEffectGraphs":true,"m_FxEnabled":true},"in2DMode":false,"pivot":{"x":2.3846423625946047,"y":5.129606246948242,"z":12.839532852172852},"rotation":{"x":0.22333787381649018,"y":0.20294331014156342,"z":-0.047717854380607608,"w":0.9522477984428406},"size":3.199681043624878,"orthographic":true}