{"cameraMode":{"drawMode":0,"name":"Shaded","section":"Shading Mode"},"sceneLighting":true,"audioPlay":false,"sceneViewState":{"m_AlwaysRefresh":false,"showFog":true,"showSkybox":true,"showFlares":true,"showImageEffects":true,"showParticleSystems":true,"showVisualEffectGraphs":true,"m_FxEnabled":true},"in2DMode":false,"pivot":{"x":-87.67437744140625,"y":0.6643046140670776,"z":281.4944152832031},"rotation":{"x":0.24779406189918519,"y":-0.37698298692703249,"z":0.10484114289283753,"w":0.8863540291786194},"size":10.930006980895996,"orthographic":true}