{"cameraMode":{"drawMode":0,"name":"Shaded","section":"Shading Mode"},"sceneLighting":true,"audioPlay":false,"sceneViewState":{"m_AlwaysRefresh":false,"showFog":true,"showSkybox":true,"showFlares":true,"showImageEffects":true,"showParticleSystems":true,"showVisualEffectGraphs":true,"m_FxEnabled":true},"in2DMode":false,"pivot":{"x":1.678055763244629,"y":1.8186501264572144,"z":-3.613633394241333},"rotation":{"x":0.028989020735025407,"y":0.9569900035858154,"z":-0.10320404171943665,"w":0.2698092460632324},"size":2.4417788982391359,"orthographic":true}